[{"model": "admin.logentry", "pk": 1, "fields": {"action_time": "2022-05-06T18:37:05.553", "user": 1, "content_type": 7, "object_id": "2", "object_repr": "Диван 1 (Диваны)", "action_flag": 2, "change_message": "[{\"changed\": {\"fields\": [\"\\u0418\\u043c\\u044f \\u043f\\u0440\\u043e\\u0434\\u0443\\u043a\\u0442\\u0430\", \"\\u0418\\u0437\\u043e\\u0431\\u0440\\u0430\\u0436\\u0435\\u043d\\u0438\\u0435 \\u043f\\u0440\\u043e\\u0434\\u0443\\u043a\\u0442\\u0430\", \"\\u0426\\u0435\\u043d\\u0430 \\u043f\\u0440\\u043e\\u0434\\u0443\\u043a\\u0442\\u0430\", \"\\u041a\\u043e\\u043b\\u0438\\u0447\\u0435\\u0441\\u0442\\u0432\\u043e \\u043d\\u0430 \\u0441\\u043a\\u043b\\u0430\\u0434\\u0435\"]}}]"}}, {"model": "admin.logentry", "pk": 2, "fields": {"action_time": "2022-05-06T18:37:36.005", "user": 1, "content_type": 7, "object_id": "1", "object_repr": "Диван 2 (Диваны)", "action_flag": 2, "change_message": "[{\"changed\": {\"fields\": [\"\\u0418\\u043c\\u044f \\u043f\\u0440\\u043e\\u0434\\u0443\\u043a\\u0442\\u0430\", \"\\u0418\\u0437\\u043e\\u0431\\u0440\\u0430\\u0436\\u0435\\u043d\\u0438\\u0435 \\u043f\\u0440\\u043e\\u0434\\u0443\\u043a\\u0442\\u0430\", \"\\u0426\\u0435\\u043d\\u0430 \\u043f\\u0440\\u043e\\u0434\\u0443\\u043a\\u0442\\u0430\", \"\\u041a\\u043e\\u043b\\u0438\\u0447\\u0435\\u0441\\u0442\\u0432\\u043e \\u043d\\u0430 \\u0441\\u043a\\u043b\\u0430\\u0434\\u0435\"]}}]"}}, {"model": "admin.logentry", "pk": 3, "fields": {"action_time": "2022-05-20T18:22:07.072", "user": 1, "content_type": 7, "object_id": "2", "object_repr": "Диван 1 (Диваны)", "action_flag": 2, "change_message": "[{\"changed\": {\"fields\": [\"\\u041e\\u043f\\u0438\\u0441\\u0430\\u043d\\u0438\\u0435 \\u043f\\u0440\\u043e\\u0434\\u0443\\u043a\\u0442\\u0430\"]}}]"}}, {"model": "admin.logentry", "pk": 4, "fields": {"action_time": "2022-05-20T18:22:23.315", "user": 1, "content_type": 7, "object_id": "2", "object_repr": "Диван 1 (Диваны)", "action_flag": 2, "change_message": "[{\"changed\": {\"fields\": [\"\\u041e\\u043f\\u0438\\u0441\\u0430\\u043d\\u0438\\u0435 \\u043f\\u0440\\u043e\\u0434\\u0443\\u043a\\u0442\\u0430\"]}}]"}}, {"model": "admin.logentry", "pk": 5, "fields": {"action_time": "2022-05-20T18:22:48.323", "user": 1, "content_type": 7, "object_id": "1", "object_repr": "Диван 2 (Диваны)", "action_flag": 2, "change_message": "[{\"changed\": {\"fields\": [\"\\u041e\\u043f\\u0438\\u0441\\u0430\\u043d\\u0438\\u0435 \\u043f\\u0440\\u043e\\u0434\\u0443\\u043a\\u0442\\u0430\"]}}]"}}, {"model": "admin.logentry", "pk": 6, "fields": {"action_time": "2022-05-20T18:24:34.679", "user": 1, "content_type": 7, "object_id": "1", "object_repr": "Диван 2 (Диваны)", "action_flag": 2, "change_message": "[]"}}, {"model": "admin.logentry", "pk": 7, "fields": {"action_time": "2022-05-22T14:31:13.610", "user": 1, "content_type": 6, "object_id": "2", "object_repr": "2: Стулья", "action_flag": 3, "change_message": ""}}, {"model": "admin.logentry", "pk": 8, "fields": {"action_time": "2022-05-22T14:32:04.495", "user": 1, "content_type": 6, "object_id": "3", "object_repr": "3: Столы", "action_flag": 1, "change_message": "[{\"added\": {}}]"}}, {"model": "admin.logentry", "pk": 9, "fields": {"action_time": "2022-05-22T14:34:27.388", "user": 1, "content_type": 7, "object_id": "3", "object_repr": "Венский стол (Столы)", "action_flag": 1, "change_message": "[{\"added\": {}}]"}}, {"model": "admin.logentry", "pk": 10, "fields": {"action_time": "2022-05-22T14:36:03.016", "user": 1, "content_type": 7, "object_id": "4", "object_repr": "Офисный стол (Столы)", "action_flag": 1, "change_message": "[{\"added\": {}}]"}}, {"model": "admin.logentry", "pk": 11, "fields": {"action_time": "2022-05-22T14:36:11.073", "user": 1, "content_type": 7, "object_id": "4", "object_repr": "Офисный стол (Столы)", "action_flag": 2, "change_message": "[]"}}, {"model": "admin.logentry", "pk": 12, "fields": {"action_time": "2022-05-22T14:38:49.708", "user": 1, "content_type": 7, "object_id": "5", "object_repr": "Стол hi-tech (Столы)", "action_flag": 1, "change_message": "[{\"added\": {}}]"}}, {"model": "admin.logentry", "pk": 13, "fields": {"action_time": "2022-05-22T14:40:23.818", "user": 1, "content_type": 7, "object_id": "4", "object_repr": "Офисный стол (Столы)", "action_flag": 2, "change_message": "[{\"changed\": {\"fields\": [\"\\u0418\\u0437\\u043e\\u0431\\u0440\\u0430\\u0436\\u0435\\u043d\\u0438\\u0435 \\u043f\\u0440\\u043e\\u0434\\u0443\\u043a\\u0442\\u0430\"]}}]"}}, {"model": "admin.logentry", "pk": 14, "fields": {"action_time": "2022-05-22T14:44:52.484", "user": 1, "content_type": 7, "object_id": "3", "object_repr": "Венский стол (Столы)", "action_flag": 2, "change_message": "[{\"changed\": {\"fields\": [\"\\u0418\\u0437\\u043e\\u0431\\u0440\\u0430\\u0436\\u0435\\u043d\\u0438\\u0435 \\u043f\\u0440\\u043e\\u0434\\u0443\\u043a\\u0442\\u0430\", \"\\u0426\\u0435\\u043d\\u0430 \\u043f\\u0440\\u043e\\u0434\\u0443\\u043a\\u0442\\u0430\", \"\\u041a\\u043e\\u043b\\u0438\\u0447\\u0435\\u0441\\u0442\\u0432\\u043e \\u043d\\u0430 \\u0441\\u043a\\u043b\\u0430\\u0434\\u0435\"]}}]"}}, {"model": "auth.permission", "pk": 1, "fields": {"name": "Can add log entry", "content_type": 1, "codename": "add_logentry"}}, {"model": "auth.permission", "pk": 2, "fields": {"name": "Can change log entry", "content_type": 1, "codename": "change_logentry"}}, {"model": "auth.permission", "pk": 3, "fields": {"name": "Can delete log entry", "content_type": 1, "codename": "delete_logentry"}}, {"model": "auth.permission", "pk": 4, "fields": {"name": "Can view log entry", "content_type": 1, "codename": "view_logentry"}}, {"model": "auth.permission", "pk": 5, "fields": {"name": "Can add permission", "content_type": 2, "codename": "add_permission"}}, {"model": "auth.permission", "pk": 6, "fields": {"name": "Can change permission", "content_type": 2, "codename": "change_permission"}}, {"model": "auth.permission", "pk": 7, "fields": {"name": "Can delete permission", "content_type": 2, "codename": "delete_permission"}}, {"model": "auth.permission", "pk": 8, "fields": {"name": "Can view permission", "content_type": 2, "codename": "view_permission"}}, {"model": "auth.permission", "pk": 9, "fields": {"name": "Can add group", "content_type": 3, "codename": "add_group"}}, {"model": "auth.permission", "pk": 10, "fields": {"name": "Can change group", "content_type": 3, "codename": "change_group"}}, {"model": "auth.permission", "pk": 11, "fields": {"name": "Can delete group", "content_type": 3, "codename": "delete_group"}}, {"model": "auth.permission", "pk": 12, "fields": {"name": "Can view group", "content_type": 3, "codename": "view_group"}}, {"model": "auth.permission", "pk": 13, "fields": {"name": "Can add content type", "content_type": 4, "codename": "add_contenttype"}}, {"model": "auth.permission", "pk": 14, "fields": {"name": "Can change content type", "content_type": 4, "codename": "change_contenttype"}}, {"model": "auth.permission", "pk": 15, "fields": {"name": "Can delete content type", "content_type": 4, "codename": "delete_contenttype"}}, {"model": "auth.permission", "pk": 16, "fields": {"name": "Can view content type", "content_type": 4, "codename": "view_contenttype"}}, {"model": "auth.permission", "pk": 17, "fields": {"name": "Can add session", "content_type": 5, "codename": "add_session"}}, {"model": "auth.permission", "pk": 18, "fields": {"name": "Can change session", "content_type": 5, "codename": "change_session"}}, {"model": "auth.permission", "pk": 19, "fields": {"name": "Can delete session", "content_type": 5, "codename": "delete_session"}}, {"model": "auth.permission", "pk": 20, "fields": {"name": "Can view session", "content_type": 5, "codename": "view_session"}}, {"model": "auth.permission", "pk": 21, "fields": {"name": "Can add category", "content_type": 6, "codename": "add_category"}}, {"model": "auth.permission", "pk": 22, "fields": {"name": "Can change category", "content_type": 6, "codename": "change_category"}}, {"model": "auth.permission", "pk": 23, "fields": {"name": "Can delete category", "content_type": 6, "codename": "delete_category"}}, {"model": "auth.permission", "pk": 24, "fields": {"name": "Can view category", "content_type": 6, "codename": "view_category"}}, {"model": "auth.permission", "pk": 25, "fields": {"name": "Can add product", "content_type": 7, "codename": "add_product"}}, {"model": "auth.permission", "pk": 26, "fields": {"name": "Can change product", "content_type": 7, "codename": "change_product"}}, {"model": "auth.permission", "pk": 27, "fields": {"name": "Can delete product", "content_type": 7, "codename": "delete_product"}}, {"model": "auth.permission", "pk": 28, "fields": {"name": "Can view product", "content_type": 7, "codename": "view_product"}}, {"model": "auth.permission", "pk": 29, "fields": {"name": "Can add user", "content_type": 8, "codename": "add_shopuser"}}, {"model": "auth.permission", "pk": 30, "fields": {"name": "Can change user", "content_type": 8, "codename": "change_shopuser"}}, {"model": "auth.permission", "pk": 31, "fields": {"name": "Can delete user", "content_type": 8, "codename": "delete_shopuser"}}, {"model": "auth.permission", "pk": 32, "fields": {"name": "Can view user", "content_type": 8, "codename": "view_shopuser"}}, {"model": "auth.permission", "pk": 33, "fields": {"name": "Can add basket", "content_type": 9, "codename": "add_basket"}}, {"model": "auth.permission", "pk": 34, "fields": {"name": "Can change basket", "content_type": 9, "codename": "change_basket"}}, {"model": "auth.permission", "pk": 35, "fields": {"name": "Can delete basket", "content_type": 9, "codename": "delete_basket"}}, {"model": "auth.permission", "pk": 36, "fields": {"name": "Can view basket", "content_type": 9, "codename": "view_basket"}}, {"model": "auth.permission", "pk": 37, "fields": {"name": "Can add association", "content_type": 10, "codename": "add_association"}}, {"model": "auth.permission", "pk": 38, "fields": {"name": "Can change association", "content_type": 10, "codename": "change_association"}}, {"model": "auth.permission", "pk": 39, "fields": {"name": "Can delete association", "content_type": 10, "codename": "delete_association"}}, {"model": "auth.permission", "pk": 40, "fields": {"name": "Can view association", "content_type": 10, "codename": "view_association"}}, {"model": "auth.permission", "pk": 41, "fields": {"name": "Can add code", "content_type": 11, "codename": "add_code"}}, {"model": "auth.permission", "pk": 42, "fields": {"name": "Can change code", "content_type": 11, "codename": "change_code"}}, {"model": "auth.permission", "pk": 43, "fields": {"name": "Can delete code", "content_type": 11, "codename": "delete_code"}}, {"model": "auth.permission", "pk": 44, "fields": {"name": "Can view code", "content_type": 11, "codename": "view_code"}}, {"model": "auth.permission", "pk": 45, "fields": {"name": "Can add nonce", "content_type": 12, "codename": "add_nonce"}}, {"model": "auth.permission", "pk": 46, "fields": {"name": "Can change nonce", "content_type": 12, "codename": "change_nonce"}}, {"model": "auth.permission", "pk": 47, "fields": {"name": "Can delete nonce", "content_type": 12, "codename": "delete_nonce"}}, {"model": "auth.permission", "pk": 48, "fields": {"name": "Can view nonce", "content_type": 12, "codename": "view_nonce"}}, {"model": "auth.permission", "pk": 49, "fields": {"name": "Can add user social auth", "content_type": 13, "codename": "add_usersocialauth"}}, {"model": "auth.permission", "pk": 50, "fields": {"name": "Can change user social auth", "content_type": 13, "codename": "change_usersocialauth"}}, {"model": "auth.permission", "pk": 51, "fields": {"name": "Can delete user social auth", "content_type": 13, "codename": "delete_usersocialauth"}}, {"model": "auth.permission", "pk": 52, "fields": {"name": "Can view user social auth", "content_type": 13, "codename": "view_usersocialauth"}}, {"model": "auth.permission", "pk": 53, "fields": {"name": "Can add partial", "content_type": 14, "codename": "add_partial"}}, {"model": "auth.permission", "pk": 54, "fields": {"name": "Can change partial", "content_type": 14, "codename": "change_partial"}}, {"model": "auth.permission", "pk": 55, "fields": {"name": "Can delete partial", "content_type": 14, "codename": "delete_partial"}}, {"model": "auth.permission", "pk": 56, "fields": {"name": "Can view partial", "content_type": 14, "codename": "view_partial"}}, {"model": "auth.permission", "pk": 57, "fields": {"name": "Can add shop user profile", "content_type": 15, "codename": "add_shopuserprofile"}}, {"model": "auth.permission", "pk": 58, "fields": {"name": "Can change shop user profile", "content_type": 15, "codename": "change_shopuserprofile"}}, {"model": "auth.permission", "pk": 59, "fields": {"name": "Can delete shop user profile", "content_type": 15, "codename": "delete_shopuserprofile"}}, {"model": "auth.permission", "pk": 60, "fields": {"name": "Can view shop user profile", "content_type": 15, "codename": "view_shopuserprofile"}}, {"model": "auth.permission", "pk": 61, "fields": {"name": "Can add order item", "content_type": 16, "codename": "add_orderitem"}}, {"model": "auth.permission", "pk": 62, "fields": {"name": "Can change order item", "content_type": 16, "codename": "change_orderitem"}}, {"model": "auth.permission", "pk": 63, "fields": {"name": "Can delete order item", "content_type": 16, "codename": "delete_orderitem"}}, {"model": "auth.permission", "pk": 64, "fields": {"name": "Can view order item", "content_type": 16, "codename": "view_orderitem"}}, {"model": "auth.permission", "pk": 65, "fields": {"name": "Can add order", "content_type": 17, "codename": "add_order"}}, {"model": "auth.permission", "pk": 66, "fields": {"name": "Can change order", "content_type": 17, "codename": "change_order"}}, {"model": "auth.permission", "pk": 67, "fields": {"name": "Can delete order", "content_type": 17, "codename": "delete_order"}}, {"model": "auth.permission", "pk": 68, "fields": {"name": "Can view order", "content_type": 17, "codename": "view_order"}}, {"model": "contenttypes.contenttype", "pk": 1, "fields": {"app_label": "admin", "model": "logentry"}}, {"model": "contenttypes.contenttype", "pk": 2, "fields": {"app_label": "auth", "model": "permission"}}, {"model": "contenttypes.contenttype", "pk": 3, "fields": {"app_label": "auth", "model": "group"}}, {"model": "contenttypes.contenttype", "pk": 4, "fields": {"app_label": "contenttypes", "model": "contenttype"}}, {"model": "contenttypes.contenttype", "pk": 5, "fields": {"app_label": "sessions", "model": "session"}}, {"model": "contenttypes.contenttype", "pk": 6, "fields": {"app_label": "mainapp", "model": "category"}}, {"model": "contenttypes.contenttype", "pk": 7, "fields": {"app_label": "mainapp", "model": "product"}}, {"model": "contenttypes.contenttype", "pk": 8, "fields": {"app_label": "authapp", "model": "shopuser"}}, {"model": "contenttypes.contenttype", "pk": 9, "fields": {"app_label": "basketapp", "model": "basket"}}, {"model": "contenttypes.contenttype", "pk": 10, "fields": {"app_label": "social_django", "model": "association"}}, {"model": "contenttypes.contenttype", "pk": 11, "fields": {"app_label": "social_django", "model": "code"}}, {"model": "contenttypes.contenttype", "pk": 12, "fields": {"app_label": "social_django", "model": "nonce"}}, {"model": "contenttypes.contenttype", "pk": 13, "fields": {"app_label": "social_django", "model": "usersocialauth"}}, {"model": "contenttypes.contenttype", "pk": 14, "fields": {"app_label": "social_django", "model": "partial"}}, {"model": "contenttypes.contenttype", "pk": 15, "fields": {"app_label": "authapp", "model": "shopuserprofile"}}, {"model": "contenttypes.contenttype", "pk": 16, "fields": {"app_label": "ordersapp", "model": "orderitem"}}, {"model": "contenttypes.contenttype", "pk": 17, "fields": {"app_label": "ordersapp", "model": "order"}}, {"model": "sessions.session", "pk": "82r8viwc4b2403i3829e92t2no9cilfc", "fields": {"session_data": ".eJxVj11Lw0AQRf_LPmuM-5HM-CZCoS2iT9q3ZbIzNSEhge6mBMX_7kaK2NdzOffOfKlRlqQe1J26Uef-dqI5tdrHREkyXV7RfXI9b5Hj7mA2y6F6f6r2G-hN1PIMWfKr4ecoJ99xVu71NWwo9DKuSZxCR4MP00mKC43FuS_e9i-P6-q111Jss2Q0CgKUpUZE48BxQ7a0ASw4BzUz1wLHI1gjhKytFoImlEziGqkrzKWX3d_qgWLyw_TRjf8O-_tbff8A2QNYdA:1o18MB:x-MiLOS5DviNz6MLOjFa7cQBmx26FrOEDqFhZfHV3mY", "expire_date": "2022-06-28T18:21:27.215"}}, {"model": "sessions.session", "pk": "sit7c53w08eyskgtikor2pjf2a4xvyts", "fields": {"session_data": ".eJxVjEEOwiAQRe_C2pBhgAou3XsGMsBUqgaS0q6Md9eaLnT73vv_KQKtSwlr5zlMWZyEEodfFinduW4i36hem0ytLvMU5ZbI3XZ5aZkf5739OyjUy2ftgNAyQgKlEqFB63iIkLSnMfsjsB_R6PzlFlhpRKtUdN4m4IGNeL0Bxd42-g:1nn0Yg:irUFmApLB6ohhLCmyoQWQzFld9iWcnjGabZosjmOXhU", "expire_date": "2022-05-20T19:11:58.089"}}, {"model": "sessions.session", "pk": "tfspd3gb9ssvsj4yj7d6xmif7v9ibnvt", "fields": {"session_data": "e30:1nskWL:zlY_wlUdcde_cz_XU-Nswz5tfl8KmsyDT_Z5zf0q2No", "expire_date": "2022-06-05T15:17:17.805"}}, {"model": "sessions.session", "pk": "tqfcydww6srirswy03ate6cybhwaeag2", "fields": {"session_data": ".eJxVj8FqwzAQRP9F59R1ZSle5WZCIJCWEAIl6UWspE1sbGzXkk1p6b9XLqE01ze8md0v1tJHYCv2yBZsqh86HEPJtQ8YKNIe1efp2RbvAsfj-cXselGft-thM5wOx7dRREnPhh49DbpyUXni99CgramdE9_ZChttu4GSG_XJVCevu30xr957JfoyShlXpADSlCulMgnSGRSpsCBASsidcznB5QIiI1SOC04IxqYOSRrKlyqW3nZ_qxv0QTfdtWr_Hfb3N_v-Ab5QWXw:1nx5MB:nSB3LPXD4v4cIkVIee7R5MQv3Fc7yiww8rBlvlfJn98", "expire_date": "2022-06-17T14:20:43.383"}}, {"model": "sessions.session", "pk": "xnfys4kx9e6zbdku7dn35gbt7x14108o", "fields": {"session_data": "eyJuZXh0IjoiLyIsInZrLW9hdXRoMl9zdGF0ZSI6IklXTmFaeFZzYlVZNWxYVWlORE9KQVN0Ylo3dVRXU2xnIn0:1nzHYx:GrayqxkNYHuHGYem2_mmTpPSuxOt_xQRM3d6blSHT-Q", "expire_date": "2022-06-23T15:46:59.199"}}, {"model": "social_django.usersocialauth", "pk": 1, "fields": {"user": 12, "provider": "vk-oauth2", "uid": "10071242", "extra_data": "{\"auth_time\": 1655220086, \"id\": 10071242, \"expires\": 86400, \"access_token\": \"vk1.a.6wgGREXvsaaIEnZjtjn_7xx7KqZz5eyyIBCo_CKXmKuZNjQhGL-7JOIWyRdFIz3_Zcg4a8qJCH3Dj3PXaGfFtAa8_gQtj8eqTntdQvM6VMuY898qe1fuid29-3mHu_8jNTHv2veRzoD9luxo8_F6uuuZEvcZ74WRC3xSMuXMT6gCL6EWHg2uqCGEao-WtzJd\", \"token_type\": null}", "created": "2022-06-02T20:05:04.900", "modified": "2022-06-14T18:21:26.604"}}, {"model": "mainapp.category", "pk": 1, "fields": {"name": "Диваны", "description": "Классные диваны", "is_active": true}}, {"model": "mainapp.category", "pk": 3, "fields": {"name": "Столы", "description": "Это стол, на нем едят!", "is_active": true}}, {"model": "mainapp.category", "pk": 4, "fields": {"name": "Стулья", "description": "Прекрасные стулья!", "is_active": true}}, {"model": "mainapp.category", "pk": 5, "fields": {"name": "Шкафы", "description": "Удобные места хранения", "is_active": true}}, {"model": "mainapp.product", "pk": 1, "fields": {"category": 1, "name": "Диван 2", "description": "Шикарный диван\r\nРасположитесь комфортно.\r\nОтличное качество материалов\r\nпозволит вам это.", "image": "product_images/Sofa_2.jpg", "price": "600.00", "quantity": 2, "is_active": true}}, {"model": "mainapp.product", "pk": 2, "fields": {"category": 1, "name": "Диван 1", "description": "Шикарный диван!\r\nРасположитесь комфортно.\r\nОтличное качество материалов\r\nпозволит вам это.", "image": "product_images/Sofa_1.jpg", "price": "400.00", "quantity": 16, "is_active": true}}, {"model": "mainapp.product", "pk": 3, "fields": {"category": 3, "name": "Венский стол", "description": "Антикварный стол.\r\nУкрашение любого кабинета.\r\nОсобенно ценится состоятельными\r\nценителями прекрасного", "image": "product_images/Table_1_I5N6LrM.jpg", "price": "3000.00", "quantity": 12, "is_active": true}}, {"model": "mainapp.product", "pk": 4, "fields": {"category": 3, "name": "Офисный стол", "description": "Просто крепкий и надежный стол.", "image": "product_images/Table_3_ahKh3Jj.jpg", "price": "210.00", "quantity": 6, "is_active": true}}, {"model": "mainapp.product", "pk": 5, "fields": {"category": 3, "name": "Стол hi-tech", "description": "Стол выполнен в популярном hi-tech стиле.\r\nДля дерзких и стильных.", "image": "product_images/Table_2_LcBo7ld.jpg", "price": "150.00", "quantity": 4, "is_active": true}}, {"model": "mainapp.product", "pk": 6, "fields": {"category": 4, "name": "Стул 1", "description": "Роскошный стул", "image": "product_images/Сhair_1.jpg", "price": "240.00", "quantity": 5, "is_active": true}}, {"model": "mainapp.product", "pk": 7, "fields": {"category": 3, "name": "Стол Super Glass", "description": "Поверхность из закаленного стекла", "image": "product_images/Table_5.jpg", "price": "400.00", "quantity": 4, "is_active": true}}, {"model": "authapp.shopuser", "pk": 1, "fields": {"password": "pbkdf2_sha256$260000$7LHVhX9xnn97xcqEa2f27V$YnVH5i2qZxrcP8ceFxA/fG9nfp3kg1M5eyVHZ2ErTDQ=", "last_login": "2022-06-14T17:02:38.606", "is_superuser": true, "username": "admin", "first_name": "", "last_name": "", "email": "django@geekshop.local", "is_staff": true, "is_active": true, "date_joined": "2022-05-06T11:54:32.980", "city": "", "avatar": "", "activation_key": "668ffaef-34e6-4869-b9d9-957b6f7900b4", "activation_key_expires": "2022-06-02T09:34:14.106", "age": 37, "groups": [], "user_permissions": []}}, {"model": "authapp.shopuser", "pk": 2, "fields": {"password": "pbkdf2_sha256$260000$o4fk9I9e5af3WpqJyngtia$C7dmYuXwW3hsVFqdknVcS43Mc7VVGxMKc9G2BDe8lV8=", "last_login": "2022-05-20T18:11:35.430", "is_superuser": false, "username": "soda", "first_name": "soda", "last_name": "", "email": "geek@brain.local", "is_staff": false, "is_active": true, "date_joined": "2022-05-06T19:05:57.977", "city": "Орел", "avatar": "users_avatars/Скан_20210319.png", "activation_key": "668ffaef-34e6-4869-b9d9-957b6f7900b4", "activation_key_expires": "2022-06-02T09:34:14.106", "age": 32, "groups": [], "user_permissions": []}}, {"model": "authapp.shopuser", "pk": 3, "fields": {"password": "pbkdf2_sha256$260000$cTM6ayfRjtoYBbBLy5E6fl$Bz187IcNJDIFjPKym1ptAe/M0Tyql0k1kzjQ0K3vcPo=", "last_login": "2022-05-23T19:07:13.334", "is_superuser": false, "username": "nadmin", "first_name": "Олег", "last_name": "Таранда", "email": "qwe@lk.ru", "is_staff": false, "is_active": true, "date_joined": "2022-05-23T19:07:05.865", "city": "Бобруйск", "avatar": "users_avatars/user_avatar.png", "activation_key": "668ffaef-34e6-4869-b9d9-957b6f7900b4", "activation_key_expires": "2022-06-02T09:34:14.106", "age": 32, "groups": [], "user_permissions": []}}, {"model": "authapp.shopuser", "pk": 4, "fields": {"password": "pbkdf2_sha256$260000$aFKecIOQNaNriMNkekhjY1$16FmFGKLBaZyNk/XYUvQYwyZY0knfoJxrOUVauw8wxA=", "last_login": "2022-06-10T19:11:32.329", "is_superuser": false, "username": "12Up42", "first_name": "", "last_name": "", "email": "", "is_staff": false, "is_active": true, "date_joined": "2022-05-23T19:56:02.113", "city": "", "avatar": "", "activation_key": "668ffaef-34e6-4869-b9d9-957b6f7900b4", "activation_key_expires": "2022-06-02T09:34:14.106", "age": 18, "groups": [], "user_permissions": []}}, {"model": "authapp.shopuser", "pk": 5, "fields": {"password": "pbkdf2_sha256$260000$vfEjUsCykw8rnLRv08wW8S$MM89oMIqHPRYokQ2XuVdXLIpEC/QrI2gUpM5hZAl+vs=", "last_login": "2022-05-24T12:45:14.310", "is_superuser": false, "username": "Cat_19", "first_name": "", "last_name": "", "email": "", "is_staff": false, "is_active": true, "date_joined": "2022-05-24T09:18:16.686", "city": "", "avatar": "users_avatars/user_avatar_U6b5fF8.png", "activation_key": "668ffaef-34e6-4869-b9d9-957b6f7900b4", "activation_key_expires": "2022-06-02T09:34:14.106", "age": 18, "groups": [], "user_permissions": []}}, {"model": "authapp.shopuser", "pk": 6, "fields": {"password": "pbkdf2_sha256$260000$hn6nmS674QGIIBlHIxl3B7$RXcYQQRz4uTOySfbuDdhX6MRVK5hGf4dvlrrqt7o3no=", "last_login": null, "is_superuser": false, "username": "DjabaHat", "first_name": "Djaba", "last_name": "Hat", "email": "geekDjaba@brain.local", "is_staff": false, "is_active": true, "date_joined": "2022-05-27T16:52:42.807", "city": "", "avatar": "", "activation_key": "668ffaef-34e6-4869-b9d9-957b6f7900b4", "activation_key_expires": "2022-06-02T09:34:14.106", "age": 18, "groups": [], "user_permissions": []}}, {"model": "authapp.shopuser", "pk": 7, "fields": {"password": "pbkdf2_sha256$260000$iQ9ODolXLB19BUSb765FZ1$pNXpDraPodJkmBZ3IWPWoUzDJ+j9ZpbL49YuuvqAlQk=", "last_login": null, "is_superuser": false, "username": "rad", "first_name": "", "last_name": "", "email": "pillager@bk.ru", "is_staff": false, "is_active": true, "date_joined": "2022-05-31T05:36:54.938", "city": "", "avatar": "", "activation_key": "668ffaef-34e6-4869-b9d9-957b6f7900b4", "activation_key_expires": "2022-06-02T09:34:14.106", "age": 18, "groups": [], "user_permissions": []}}, {"model": "authapp.shopuser", "pk": 8, "fields": {"password": "pbkdf2_sha256$260000$q9D4j7ahfnaw9YI6uMyD9e$8tW8Kowr4BL7PSXpRZyhOwjghRo3hgW/qzTV/i9ucP0=", "last_login": null, "is_superuser": false, "username": "victor25", "first_name": "", "last_name": "", "email": "victor25@localhost", "is_staff": false, "is_active": false, "date_joined": "2022-05-31T10:03:11.173", "city": "", "avatar": "", "activation_key": "bee34d5c-6383-4b8b-b9f5-cc5bf4556514", "activation_key_expires": "2022-06-02T10:03:11.173", "age": 18, "groups": [], "user_permissions": []}}, {"model": "authapp.shopuser", "pk": 9, "fields": {"password": "pbkdf2_sha256$260000$VQfoFhqAetEvWtabwYvO2H$4Y1PtWWtVY9ZlKH+w6pIpaQrBK0pNDeac/lIzBXubNE=", "last_login": "2022-05-31T10:13:51.815", "is_superuser": false, "username": "vasia22", "first_name": "", "last_name": "", "email": "vasia25@localhost", "is_staff": false, "is_active": true, "date_joined": "2022-05-31T10:11:43.055", "city": "", "avatar": "", "activation_key": "7306cee2-0554-4507-a4cc-96fa99aee1da", "activation_key_expires": "2022-05-31T10:32:06.663", "age": 18, "groups": [], "user_permissions": []}}, {"model": "authapp.shopuser", "pk": 10, "fields": {"password": "pbkdf2_sha256$260000$r72QIl9xaGfDp7jxApMnnN$UNQumAB9cgmWKgrUjaeObCJscRwawx/fYyFltiNhTFQ=", "last_login": null, "is_superuser": false, "username": "victor252", "first_name": "", "last_name": "", "email": "victor252@localhost", "is_staff": false, "is_active": false, "date_joined": "2022-05-31T10:43:41.911", "city": "", "avatar": "", "activation_key": "c9c221bb-4793-48e7-a339-c374567214cf", "activation_key_expires": "2022-06-02T10:43:41.911", "age": 18, "groups": [], "user_permissions": []}}, {"model": "authapp.shopuser", "pk": 11, "fields": {"password": "pbkdf2_sha256$260000$M2yFyUunhLl5GbsfrMEKsm$UchyLxXwt7i7jJqRRByw50xqlZm6bMP/xtBsiJmDIX4=", "last_login": null, "is_superuser": false, "username": "victor253", "first_name": "", "last_name": "", "email": "victor252@localhost", "is_staff": false, "is_active": true, "date_joined": "2022-05-31T10:47:50.392", "city": "", "avatar": "", "activation_key": "6f261654-0d05-4d56-bd35-01f732dfbbe1", "activation_key_expires": "2022-05-31T10:48:15.736", "age": 18, "groups": [], "user_permissions": []}}, {"model": "authapp.shopuser", "pk": 12, "fields": {"password": "!8TEwvg8koiTi8gJIpuu5etdG2sXhZ0W6jkDKz1vW", "last_login": "2022-06-14T18:21:27.081", "is_superuser": false, "username": "id10071242", "first_name": "Сергей", "last_name": "Петин", "email": "sergey_petin@vk.com", "is_staff": false, "is_active": true, "date_joined": "2022-06-02T20:05:04.810", "city": "Москва", "avatar": "users_avatars/user_avatar_9JUF2H7.png", "activation_key": "193b12f1-3846-40c6-9bac-fd12ec3ceda7", "activation_key_expires": "2022-06-04T20:05:04.811", "age": 400, "groups": [], "user_permissions": []}}, {"model": "authapp.shopuser", "pk": 13, "fields": {"password": "pbkdf2_sha256$260000$tA35y2MKqL5yqtRggTT27Q$+anvn4dqabDOHy8hDAdoyFqYXgHVeJTEnW+iMcGh7Lg=", "last_login": null, "is_superuser": false, "username": "dewk", "first_name": "", "last_name": "", "email": "dewk@localhost", "is_staff": false, "is_active": false, "date_joined": "2022-06-07T15:28:52.295", "city": "", "avatar": "", "activation_key": "84407bd5-7571-4594-bf6c-5c72840e3abf", "activation_key_expires": "2022-06-09T15:28:52.295", "age": 18, "groups": [], "user_permissions": []}}, {"model": "authapp.shopuser", "pk": 14, "fields": {"password": "pbkdf2_sha256$260000$EKI13m2m8gegYM1rcH2HhT$314IXz98A3Q633A9PooilGX9DEJp3IXg2LTXl5Lkqqo=", "last_login": null, "is_superuser": false, "username": "a098", "first_name": "", "last_name": "", "email": "a098@localhost", "is_staff": false, "is_active": false, "date_joined": "2022-06-07T15:30:19.332", "city": "", "avatar": "", "activation_key": "ae124be4-3dd1-49e7-b854-7d00d9628261", "activation_key_expires": "2022-06-09T15:30:19.332", "age": 18, "groups": [], "user_permissions": []}}, {"model": "authapp.shopuser", "pk": 15, "fields": {"password": "pbkdf2_sha256$260000$DmsWlCphJUZaPMJwk009QU$B84d5Pl+rfP1rBp+ddimlnjh4Ar2ZL4TYO6F31H0ph0=", "last_login": null, "is_superuser": false, "username": "asdad", "first_name": "", "last_name": "", "email": "asdad@bk.ru", "is_staff": false, "is_active": false, "date_joined": "2022-06-10T12:39:13.036", "city": "", "avatar": "", "activation_key": "67955bf0-c54f-42a1-8bab-4b3c25930f96", "activation_key_expires": "2022-06-12T12:39:13.037", "age": 18, "groups": [], "user_permissions": []}}, {"model": "authapp.shopuser", "pk": 16, "fields": {"password": "pbkdf2_sha256$260000$rB8hVm5o1MbkxQhtaxLFKC$NNYZkjIgNztk621jsnvcL/POR6qDf8pB1A9XoTb6oBk=", "last_login": null, "is_superuser": false, "username": "22", "first_name": "", "last_name": "", "email": "22@localhost", "is_staff": false, "is_active": false, "date_joined": "2022-06-10T14:23:07.049", "city": "", "avatar": "", "activation_key": "42246b47-46c9-4381-82ca-4194bb72b09f", "activation_key_expires": "2022-06-12T14:23:07.049", "age": 18, "groups": [], "user_permissions": []}}, {"model": "authapp.shopuserprofile", "pk": 1, "fields": {"user": 1, "gender": "", "about": "", "tagline": ""}}, {"model": "authapp.shopuserprofile", "pk": 2, "fields": {"user": 2, "gender": "", "about": "", "tagline": ""}}, {"model": "authapp.shopuserprofile", "pk": 3, "fields": {"user": 3, "gender": "", "about": "", "tagline": ""}}, {"model": "authapp.shopuserprofile", "pk": 4, "fields": {"user": 4, "gender": "", "about": "", "tagline": ""}}, {"model": "authapp.shopuserprofile", "pk": 5, "fields": {"user": 5, "gender": "", "about": "", "tagline": ""}}, {"model": "authapp.shopuserprofile", "pk": 6, "fields": {"user": 6, "gender": "", "about": "", "tagline": ""}}, {"model": "authapp.shopuserprofile", "pk": 7, "fields": {"user": 7, "gender": "", "about": "", "tagline": ""}}, {"model": "authapp.shopuserprofile", "pk": 8, "fields": {"user": 8, "gender": "", "about": "", "tagline": ""}}, {"model": "authapp.shopuserprofile", "pk": 9, "fields": {"user": 9, "gender": "", "about": "", "tagline": ""}}, {"model": "authapp.shopuserprofile", "pk": 10, "fields": {"user": 10, "gender": "", "about": "", "tagline": ""}}, {"model": "authapp.shopuserprofile", "pk": 11, "fields": {"user": 11, "gender": "", "about": "", "tagline": ""}}, {"model": "authapp.shopuserprofile", "pk": 12, "fields": {"user": 12, "gender": "M", "about": "", "tagline": ""}}, {"model": "authapp.shopuserprofile", "pk": 13, "fields": {"user": 13, "gender": "", "about": "", "tagline": ""}}, {"model": "authapp.shopuserprofile", "pk": 14, "fields": {"user": 14, "gender": "", "about": "", "tagline": ""}}, {"model": "authapp.shopuserprofile", "pk": 15, "fields": {"user": 15, "gender": "", "about": "", "tagline": ""}}, {"model": "authapp.shopuserprofile", "pk": 16, "fields": {"user": 16, "gender": "", "about": "", "tagline": ""}}, {"model": "basketapp.basket", "pk": 9, "fields": {"user": 2, "product": 2, "quantity": 1, "created_at": "2022-05-06T19:06:33.191"}}, {"model": "basketapp.basket", "pk": 10, "fields": {"user": 2, "product": 1, "quantity": 2, "created_at": "2022-05-06T19:11:30.302"}}, {"model": "basketapp.basket", "pk": 19, "fields": {"user": 3, "product": 3, "quantity": 1, "created_at": "2022-05-23T19:12:59.941"}}, {"model": "ordersapp.order", "pk": 1, "fields": {"user": 1, "status": "CANCELED", "created_at": "2022-06-10T23:02:10.197"}}, {"model": "ordersapp.order", "pk": 2, "fields": {"user": 1, "status": "CREATED", "created_at": "2022-06-12T17:53:27.873"}}, {"model": "ordersapp.order", "pk": 3, "fields": {"user": 12, "status": "CANCELED", "created_at": "2022-06-14T16:32:22.529"}}, {"model": "ordersapp.orderitem", "pk": 1, "fields": {"order": 1, "product": 4, "quantity": 2}}, {"model": "ordersapp.orderitem", "pk": 4, "fields": {"order": 2, "product": 4, "quantity": 2}}, {"model": "ordersapp.orderitem", "pk": 5, "fields": {"order": 2, "product": 2, "quantity": 1}}, {"model": "ordersapp.orderitem", "pk": 6, "fields": {"order": 2, "product": 3, "quantity": 2}}, {"model": "ordersapp.orderitem", "pk": 7, "fields": {"order": 3, "product": 7, "quantity": 7}}, {"model": "ordersapp.orderitem", "pk": 9, "fields": {"order": 1, "product": 1, "quantity": 1}}, {"model": "ordersapp.orderitem", "pk": 10, "fields": {"order": 2, "product": 5, "quantity": 1}}]